[{"id":1,"latitude":39.022919910752,"longitude":140.32554473471,"URL":"https://github.com/NanjoMiyako/Sanpo/blob/master/sampleData/gazo2/23.jpg","title":23},{"id":2,"latitude":44.91993403566,"longitude":142.24768240271,"URL":"https://github.com/NanjoMiyako/Sanpo/blob/master/sampleData/gazo2/26.jpg","title":26},{"id":3,"latitude":36.477749,"longitude":139.006794,"URL":"https://github.com/NanjoMiyako/Sanpo/blob/master/sampleData/gazo2/13.jpg","title":13},{"id":4,"latitude":42.842766034689,"longitude":141.066511611,"URL":"https://github.com/NanjoMiyako/Sanpo/blob/master/sampleData/gazo2/8.jpg","title":8},{"id":5,"latitude":43.765244450922,"longitude":141.37333620265,"URL":"https://github.com/NanjoMiyako/Sanpo/blob/master/sampleData/gazo2/6.jpg","title":6},{"id":6,"latitude":33.133358205233,"longitude":130.92821132878,"URL":"https://github.com/NanjoMiyako/Sanpo/blob/master/sampleData/gazo2/28.jpg","title":28},{"id":7,"latitude":35.962641,"longitude":139.31679,"URL":"https://github.com/NanjoMiyako/Sanpo/blob/master/sampleData/gazo2/18.jpg","title":18},{"id":8,"latitude":36.36263,"longitude":140.459358,"URL":"https://github.com/NanjoMiyako/Sanpo/blob/master/sampleData/gazo2/4.jpg","title":4},{"id":9,"latitude":37.616107687304,"longitude":140.88840111103,"URL":"https://github.com/NanjoMiyako/Sanpo/blob/master/sampleData/gazo2/9.jpg","title":9},{"id":10,"latitude":39.57413119134,"longitude":140.62871912385,"URL":"https://github.com/NanjoMiyako/Sanpo/blob/master/sampleData/gazo2/29.jpg","title":29},{"id":11,"latitude":37.053253616404,"longitude":139.17738077023,"URL":"https://github.com/NanjoMiyako/Sanpo/blob/master/sampleData/gazo2/21.jpg","title":21},{"id":12,"latitude":44.80501554245,"longitude":142.08411646388,"URL":"https://github.com/NanjoMiyako/Sanpo/blob/master/sampleData/gazo2/12.jpg","title":12},{"id":13,"latitude":36.544844,"longitude":139.016433,"URL":"https://github.com/NanjoMiyako/Sanpo/blob/master/sampleData/gazo2/11.jpg","title":11},{"id":14,"latitude":39.949030196557,"longitude":141.55191883612,"URL":"https://github.com/NanjoMiyako/Sanpo/blob/master/sampleData/gazo2/27.jpg","title":27},{"id":15,"latitude":34.74377313218,"longitude":132.91845762737,"URL":"https://github.com/NanjoMiyako/Sanpo/blob/master/sampleData/gazo2/25.jpg","title":25},{"id":16,"latitude":36.790325171914,"longitude":140.421011545,"URL":"https://github.com/NanjoMiyako/Sanpo/blob/master/sampleData/gazo2/10.jpg","title":10},{"id":17,"latitude":37.614681,"longitude":138.920914,"URL":"https://github.com/NanjoMiyako/Sanpo/blob/master/sampleData/gazo2/5.jpg","title":5},{"id":18,"latitude":37.39018125138,"longitude":139.15407204842,"URL":"https://github.com/NanjoMiyako/Sanpo/blob/master/sampleData/gazo2/30.jpg","title":30},{"id":19,"latitude":35.555351579894,"longitude":138.61520189656,"URL":"https://github.com/NanjoMiyako/Sanpo/blob/master/sampleData/gazo2/19.jpg","title":19},{"id":20,"latitude":43.514066643882,"longitude":143.61702244256,"URL":"https://github.com/NanjoMiyako/Sanpo/blob/master/sampleData/gazo2/20.jpg","title":20},{"id":21,"latitude":35.928008603009,"longitude":138.52488731676,"URL":"https://github.com/NanjoMiyako/Sanpo/blob/master/sampleData/gazo2/17.jpg","title":17},{"id":22,"latitude":44.0105105896,"longitude":141.70457039859,"URL":"https://github.com/NanjoMiyako/Sanpo/blob/master/sampleData/gazo2/1.jpg","title":1},{"id":23,"latitude":34.640255881087,"longitude":136.06716288015,"URL":"https://github.com/NanjoMiyako/Sanpo/blob/master/sampleData/gazo2/3.jpg","title":3},{"id":24,"latitude":44.830959020104,"longitude":142.15637312601,"URL":"https://github.com/NanjoMiyako/Sanpo/blob/master/sampleData/gazo2/16.jpg","title":16},{"id":25,"latitude":35.488582166584,"longitude":134.93309178025,"URL":"https://github.com/NanjoMiyako/Sanpo/blob/master/sampleData/gazo2/15.jpg","title":15},{"id":26,"latitude":35.675774394967,"longitude":135.10018783975,"URL":"https://github.com/NanjoMiyako/Sanpo/blob/master/sampleData/gazo2/7.jpg","title":7},{"id":27,"latitude":35.913692428551,"longitude":138.44609868632,"URL":"https://github.com/NanjoMiyako/Sanpo/blob/master/sampleData/gazo2/14.jpg","title":14},{"id":28,"latitude":32.301529,"longitude":130.486267,"URL":"https://github.com/NanjoMiyako/Sanpo/blob/master/sampleData/gazo2/22.jpg","title":22},{"id":29,"latitude":38.181953,"longitude":139.478739,"URL":"https://github.com/NanjoMiyako/Sanpo/blob/master/sampleData/gazo2/2.jpg","title":2},{"id":30,"latitude":42.552280398471,"longitude":143.10039402587,"URL":"https://github.com/NanjoMiyako/Sanpo/blob/master/sampleData/gazo2/24.jpg","title":24}]