[{"MondaiNumber":1,"Category":"A","QuestionText":"表a-1","AnswerText":"裏a-1","QuestionImage1":"-","QuestionImage1Width":"-","QuestionImage1Height":"-","QuestionImage2":"-","QuestionImage2Width":"-","QuestionImage2Height":"-","QuestionImage3":"-","QuestionImage3Width":"-","QuestionImage3Height":"-","AnswerImage1":"-","AnswerImage1Width":"-","AnswerImage1Height":"-","AnswerImage2":"-","AnswerImage2Width":"-","AnswerImage2Height":"-","AnswerImage3":"-","AnswerImage3Width":"-","AnswerImage3Height":"-"},{"MondaiNumber":2,"Category":"A","QuestionText":"表a-2","AnswerText":"裏a-2","QuestionImage1":"https://raw.githubusercontent.com/NanjoMiyako/MyTangoTyo/master/TangoTyoImage1/omote1.png","QuestionImage1Width":100,"QuestionImage1Height":100,"QuestionImage2":"https://raw.githubusercontent.com/NanjoMiyako/MyTangoTyo/master/TangoTyoImage1/omote2.png","QuestionImage2Width":150,"QuestionImage2Height":150,"QuestionImage3":"-","QuestionImage3Width":"-","QuestionImage3Height":"-","AnswerImage1":"https://raw.githubusercontent.com/NanjoMiyako/MyTangoTyo/master/TangoTyoImage1/ura1.png","AnswerImage1Width":100,"AnswerImage1Height":100,"AnswerImage2":"https://raw.githubusercontent.com/NanjoMiyako/MyTangoTyo/master/TangoTyoImage1/ura2.png","AnswerImage2Width":150,"AnswerImage2Height":150,"AnswerImage3":"-","AnswerImage3Width":"-","AnswerImage3Height":"-"},{"MondaiNumber":3,"Category":"B","QuestionText":"表b-1","AnswerText":"裏b-1","QuestionImage1":"-","QuestionImage1Width":"-","QuestionImage1Height":"-","QuestionImage2":"-","QuestionImage2Width":"-","QuestionImage2Height":"-","QuestionImage3":"-","QuestionImage3Width":"-","QuestionImage3Height":"-","AnswerImage1":"-","AnswerImage1Width":"-","AnswerImage1Height":"-","AnswerImage2":"-","AnswerImage2Width":"-","AnswerImage2Height":"-","AnswerImage3":"-","AnswerImage3Width":"-","AnswerImage3Height":"-"},{"MondaiNumber":4,"Category":"C","QuestionText":"表c-1","AnswerText":"裏c-1","QuestionImage1":"-","QuestionImage1Width":"-","QuestionImage1Height":"-","QuestionImage2":"-","QuestionImage2Width":"-","QuestionImage2Height":"-","QuestionImage3":"-","QuestionImage3Width":"-","QuestionImage3Height":"-","AnswerImage1":"-","AnswerImage1Width":"-","AnswerImage1Height":"-","AnswerImage2":"-","AnswerImage2Width":"-","AnswerImage2Height":"-","AnswerImage3":"-","AnswerImage3Width":"-","AnswerImage3Height":"-"},{"MondaiNumber":5,"Category":"C","QuestionText":"表c-2","AnswerText":"裏c-2","QuestionImage1":"-","QuestionImage1Width":"-","QuestionImage1Height":"-","QuestionImage2":"-","QuestionImage2Width":"-","QuestionImage2Height":"-","QuestionImage3":"-","QuestionImage3Width":"-","QuestionImage3Height":"-","AnswerImage1":"-","AnswerImage1Width":"-","AnswerImage1Height":"-","AnswerImage2":"-","AnswerImage2Width":"-","AnswerImage2Height":"-","AnswerImage3":"-","AnswerImage3Width":"-","AnswerImage3Height":"-"},{"MondaiNumber":6,"Category":"C","QuestionText":"表c-3","AnswerText":"裏c-3","QuestionImage1":"-","QuestionImage1Width":"-","QuestionImage1Height":"-","QuestionImage2":"-","QuestionImage2Width":"-","QuestionImage2Height":"-","QuestionImage3":"-","QuestionImage3Width":"-","QuestionImage3Height":"-","AnswerImage1":"-","AnswerImage1Width":"-","AnswerImage1Height":"-","AnswerImage2":"-","AnswerImage2Width":"-","AnswerImage2Height":"-","AnswerImage3":"-","AnswerImage3Width":"-","AnswerImage3Height":"-"}]