{"pageList":[{"PageNo":1,"PageID":"eoji1","Comment":"最初のページ","ImageURL":"https://raw.githubusercontent.com/NanjoMiyako/DasyutuGame1/master/gazo/gazo1.jpg","PageType":"ChooseLink","Link1":"選択肢1","PageNoOfLink1":2,"Link2":"選択肢2","PageNoOfLink2":3,"Link3":"選択肢3","PageNoOfLink3":4,"Link4":"-","PageNoOfLink4":"-","CorrectPas1":"-","PageNoOfCorrectPas1":"-","CorrectPas2":"-","PageNoOfCorrectPas2":"-","PageNoOfInCorrectPas":"-","CanUseToolName1":"-","PageNoOfTool1":"-","CanUseToolName2":"-"},{"PageNo":2,"PageID":"ifje1","Comment":"ページ2の説明(1つのパスワード入力のページサンプル,今回の正解パスワードはabcd)","ImageURL":"https://raw.githubusercontent.com/NanjoMiyako/DasyutuGame1/master/gazo/gazo2.jpg","PageType":"InputOnePassword","Link1":"-","PageNoOfLink1":"-","Link2":"-","PageNoOfLink2":"-","Link3":"-","PageNoOfLink3":"-","Link4":"abcd","PageNoOfLink4":5,"CorrectPas1":"-","PageNoOfCorrectPas1":"-","CorrectPas2":6,"PageNoOfCorrectPas2":"-","PageNoOfInCorrectPas":"-","CanUseToolName1":"-","PageNoOfTool1":"-","CanUseToolName2":"-"},{"PageNo":3,"PageID":"eims1","Comment":"ページ3の説明","ImageURL":"https://raw.githubusercontent.com/NanjoMiyako/DasyutuGame1/master/gazo/gazo3.jpg","PageType":"ShowOnly","Link1":"-","PageNoOfLink1":"-","Link2":"-","PageNoOfLink2":"-","Link3":"-","PageNoOfLink3":"-","Link4":"-","PageNoOfLink4":"-","CorrectPas1":"-","PageNoOfCorrectPas1":"-","CorrectPas2":"-","PageNoOfCorrectPas2":"-","PageNoOfInCorrectPas":"-","CanUseToolName1":"-","PageNoOfTool1":"-","CanUseToolName2":"-"},{"PageNo":4,"PageID":"eios2","Comment":"ページ4の説明","ImageURL":"https://raw.githubusercontent.com/NanjoMiyako/DasyutuGame1/master/gazo/gazo4.jpg","PageType":"ChooseLink","Link1":"選択肢1a","PageNoOfLink1":7,"Link2":"選択肢2a","PageNoOfLink2":8,"Link3":"-","PageNoOfLink3":"-","Link4":"-","PageNoOfLink4":"-","CorrectPas1":"-","PageNoOfCorrectPas1":"-","CorrectPas2":"-","PageNoOfCorrectPas2":"-","PageNoOfInCorrectPas":"-","CanUseToolName1":"-","PageNoOfTool1":"-","CanUseToolName2":"-"},{"PageNo":5,"PageID":"e83k1","Comment":"正解パスワードページ","ImageURL":"https://raw.githubusercontent.com/NanjoMiyako/DasyutuGame1/master/gazo/gazo5.jpg","PageType":"ShowOnly","Link1":"-","PageNoOfLink1":"-","Link2":"-","PageNoOfLink2":"-","Link3":"-","PageNoOfLink3":"-","Link4":"-","PageNoOfLink4":"-","CorrectPas1":"-","PageNoOfCorrectPas1":"-","CorrectPas2":"-","PageNoOfCorrectPas2":"-","PageNoOfInCorrectPas":"-","CanUseToolName1":"-","PageNoOfTool1":"-","CanUseToolName2":"-"},{"PageNo":6,"PageID":"e983k","Comment":"不正解パスワードページ","ImageURL":"https://raw.githubusercontent.com/NanjoMiyako/DasyutuGame1/master/gazo/gazo6.jpg","PageType":"ShowOnly","Link1":"-","PageNoOfLink1":"-","Link2":"-","PageNoOfLink2":"-","Link3":"-","PageNoOfLink3":"-","Link4":"-","PageNoOfLink4":"-","CorrectPas1":"-","PageNoOfCorrectPas1":"-","CorrectPas2":"-","PageNoOfCorrectPas2":"-","PageNoOfInCorrectPas":"-","CanUseToolName1":"-","PageNoOfTool1":"-","CanUseToolName2":"-"},{"PageNo":7,"PageID":"jjei1","Comment":"ページ7の説明(2つのパスワードを持つページ、今回の正解パスはxyzとefg)","ImageURL":"https://raw.githubusercontent.com/NanjoMiyako/DasyutuGame1/master/gazo/gazo7.jpg","PageType":"InputTwoPassword","Link1":"-","PageNoOfLink1":"-","Link2":"-","PageNoOfLink2":"-","Link3":"-","PageNoOfLink3":"-","Link4":"xyz","PageNoOfLink4":9,"CorrectPas1":"efg","PageNoOfCorrectPas1":10,"CorrectPas2":11,"PageNoOfCorrectPas2":"-","PageNoOfInCorrectPas":"-","CanUseToolName1":"-","PageNoOfTool1":"-","CanUseToolName2":"-"},{"PageNo":8,"PageID":"eakoe","Comment":"ページ8の説明","ImageURL":"https://raw.githubusercontent.com/NanjoMiyako/DasyutuGame1/master/gazo/gazo8.jpg","PageType":"ShowOnly","Link1":"-","PageNoOfLink1":"-","Link2":"-","PageNoOfLink2":"-","Link3":"-","PageNoOfLink3":"-","Link4":"-","PageNoOfLink4":"-","CorrectPas1":"-","PageNoOfCorrectPas1":"-","CorrectPas2":"-","PageNoOfCorrectPas2":"-","PageNoOfInCorrectPas":"-","CanUseToolName1":"-","PageNoOfTool1":"-","CanUseToolName2":"-"},{"PageNo":9,"PageID":"mcks3","Comment":"ページ9の説明","ImageURL":"https://raw.githubusercontent.com/NanjoMiyako/DasyutuGame1/master/gazo/gazo9.jpg","PageType":"ShowOnly","Link1":"-","PageNoOfLink1":"-","Link2":"-","PageNoOfLink2":"-","Link3":"-","PageNoOfLink3":"-","Link4":"-","PageNoOfLink4":"-","CorrectPas1":"-","PageNoOfCorrectPas1":"-","CorrectPas2":"-","PageNoOfCorrectPas2":"-","PageNoOfInCorrectPas":"-","CanUseToolName1":"-","PageNoOfTool1":"-","CanUseToolName2":"-"},{"PageNo":10,"PageID":"ei9ei","Comment":"ページ10の説明(道具使用ページ、正解道具：「枝」、or「リモコン（電池あり)」","ImageURL":"https://raw.githubusercontent.com/NanjoMiyako/DasyutuGame1/master/gazo/gazo10.jpg","PageType":"UseTool","Link1":"-","PageNoOfLink1":"-","Link2":"-","PageNoOfLink2":"-","Link3":"-","PageNoOfLink3":"-","Link4":"-","PageNoOfLink4":"-","CorrectPas1":"-","PageNoOfCorrectPas1":"-","CorrectPas2":"-","PageNoOfCorrectPas2":"枝","PageNoOfInCorrectPas":12,"CanUseToolName1":"リモコン(電池あり)","PageNoOfTool1":13,"CanUseToolName2":15},{"PageNo":11,"PageID":"wwie3","Comment":"ページ11の説明(不正解パスワードページ2)","ImageURL":"https://raw.githubusercontent.com/NanjoMiyako/DasyutuGame1/master/gazo/gazo11.jpg","PageType":"ShowOnly","Link1":"-","PageNoOfLink1":"-","Link2":"-","PageNoOfLink2":"-","Link3":"-","PageNoOfLink3":"-","Link4":"-","PageNoOfLink4":"-","CorrectPas1":"-","PageNoOfCorrectPas1":"-","CorrectPas2":"-","PageNoOfCorrectPas2":"-","PageNoOfInCorrectPas":"-","CanUseToolName1":"-","PageNoOfTool1":"-","CanUseToolName2":"-"},{"PageNo":12,"PageID":"fjeo3","Comment":"ページ10から「枝」を使用済みのページ(ページ12)","ImageURL":"https://raw.githubusercontent.com/NanjoMiyako/DasyutuGame1/master/gazo/gazo12.jpg","PageType":"ShowOnly","Link1":"-","PageNoOfLink1":"-","Link2":"-","PageNoOfLink2":"-","Link3":"-","PageNoOfLink3":"-","Link4":"-","PageNoOfLink4":"-","CorrectPas1":"-","PageNoOfCorrectPas1":"-","CorrectPas2":"-","PageNoOfCorrectPas2":"-","PageNoOfInCorrectPas":"-","CanUseToolName1":"-","PageNoOfTool1":"-","CanUseToolName2":"-"},{"PageNo":13,"PageID":"ssdc3","Comment":"ページ10から「リモコン(電池あり）」を使用済みのページ(ページ13),道具を選択するタイプのページ（正解道具：電池)","ImageURL":"https://raw.githubusercontent.com/NanjoMiyako/DasyutuGame1/master/gazo/gazo13.jpg","PageType":"UseTool","Link1":"-","PageNoOfLink1":"-","Link2":"-","PageNoOfLink2":"-","Link3":"-","PageNoOfLink3":"-","Link4":"-","PageNoOfLink4":"-","CorrectPas1":"-","PageNoOfCorrectPas1":"-","CorrectPas2":"-","PageNoOfCorrectPas2":"電池","PageNoOfInCorrectPas":14,"CanUseToolName1":"-","PageNoOfTool1":"-","CanUseToolName2":"-"},{"PageNo":14,"PageID":"ggeie","Comment":"ページ13から「電池」を使用済みのページ(ページ14)","ImageURL":"https://raw.githubusercontent.com/NanjoMiyako/DasyutuGame1/master/gazo/gazo14.jpg","PageType":"ShowOnly","Link1":"-","PageNoOfLink1":"-","Link2":"-","PageNoOfLink2":"-","Link3":"-","PageNoOfLink3":"-","Link4":"-","PageNoOfLink4":"-","CorrectPas1":"-","PageNoOfCorrectPas1":"-","CorrectPas2":"-","PageNoOfCorrectPas2":"-","PageNoOfInCorrectPas":"-","CanUseToolName1":"-","PageNoOfTool1":"-","CanUseToolName2":15},{"PageNo":15,"PageID":"ikls1","Comment":"ページ10or13から不正解の道具を使用したときのページ","ImageURL":"https://raw.githubusercontent.com/NanjoMiyako/DasyutuGame1/master/gazo/gazo15.jpg","PageType":"ShowOnly","Link1":"-","PageNoOfLink1":"-","Link2":"-","PageNoOfLink2":"-","Link3":"-","PageNoOfLink3":"-","Link4":"-","PageNoOfLink4":"-","CorrectPas1":"-","PageNoOfCorrectPas1":"-","CorrectPas2":"-","PageNoOfCorrectPas2":"-","PageNoOfInCorrectPas":"-","CanUseToolName1":"-","PageNoOfTool1":"-","CanUseToolName2":"-"}],"itemList":[{"ItemName":"枝","ItemID":"eodke","commentOfItem":"30cmほどの長さの木の枝","ImageURL":"https://raw.githubusercontent.com/NanjoMiyako/DasyutuGame1/master/gazo/eda.jpg"},{"ItemName":"電池","ItemID":"e8332","commentOfItem":"アルカリ単三電池","ImageURL":"https://raw.githubusercontent.com/NanjoMiyako/DasyutuGame1/master/gazo/denti.jpg"},{"ItemName":"リモコン(電池なし)","ItemID":"eieid","commentOfItem":"電池がないリモコン","ImageURL":"https://raw.githubusercontent.com/NanjoMiyako/DasyutuGame1/master/gazo/rimokon-NoDenti.jpg"},{"ItemName":"リモコン(電池あり)","ItemID":"iiewp","commentOfItem":"電池が入っているリモコン","ImageURL":"https://raw.githubusercontent.com/NanjoMiyako/DasyutuGame1/master/gazo/rimokon-WithDenti.jpg"}],"itemMixList":[{"ItemName1":"リモコン(電池なし)","ItemName2":"電池","NewItemName":"リモコン(電池あり)"}]}