[{"id":"Marker0","latlng":{"lat":34.75116399216703,"lng":138.08779354232786},"title":"カラオケハウス歌和楽","memo":"昼間(夏休み料金)(~12:00)---\n1時間:350円\n3時間:600円\n夜間---\n月～木(1時間:500円, 2時間以上:1000円)\n金・日・祝・祝前(1時間:750円,3時間:1400円)\n土(1時間:750円,3時間:1400円)\nヒトカラは+300円又はワンドリンクオーダー"},
{"id":"Marker1","latlng":{"lat":34.75378564207682,"lng":138.0884228550459},"title":"カラオケきのえね","memo":"現在はG,Cの2室のみ、\nG室(定員6名)\n:(AM9:00～PM6:00:1時間5000円,PM6:00～AM0:00:1時間3000円)\nC室(定員20名)\n:(AM9:00～AM:0:00:1時間5000円)"},
{"id":"Marker2","latlng":{"lat":34.76517152817073,"lng":138.06126790653695},"title":"歌和楽2","memo":"夏休み(昼間~12:00まで)---\n3時間:750円、\n時間指定なし:1000円\n夜間(17:00~)---\n(月～木:1時間:650円,時間指定なし:1400円)\n(金・日・祝・祝前:1時間:800円,3時間:1800円,時間指定なし:2000円)\n(土:1時間:800円,3時間:1800円,深夜時間指定なし2000円(21:00~AM5:00)"}]