{"name":"","type":null,"child_seq":[1],"child":[{"name":"","type":"[object Array]","child_seq":[2],"child":[{"name":"","type":"[object Object]","child_seq":[3,4,5,6,7,8,10,12],"child":[{"name":"buildId","type":"[object String]","child_seq":[],"child":[],"seq":3},{"name":"buildType","type":"[object Number]","child_seq":[],"child":[],"seq":4},{"name":"status","type":"[object Number]","child_seq":[],"child":[],"seq":5},{"name":"passedStepCount","type":"[object Number]","child_seq":[],"child":[],"seq":6},{"name":"applyingConvertingType","type":"[object Number]","child_seq":[],"child":[],"seq":7},{"name":"convertMaxVolAtOneProcess","type":"[object Map]","child_seq":[9],"child":[{"name":"","type":"[object Number]","child_seq":[],"child":[],"seq":9}],"seq":8},{"name":"convertedVolAtOneProcess","type":"[object Map]","child_seq":[11],"child":[{"name":"","type":"[object Number]","child_seq":[],"child":[],"seq":11}],"seq":10},{"name":"convertOrderInSameConvert","type":"[object Number]","child_seq":[],"child":[],"seq":12}],"seq":2}],"seq":1}],"seq":0}