[{"id":1,"mainName":"CO2","aliasList":["C_1_O_2","二酸化炭素"]},{"id":2,"mainName":"CO","aliasList":["C_1_O_1","一酸化炭素"]},{"id":3,"mainName":"Cu","aliasList":["Cu_1","銅"]},{"id":4,"mainName":"S","aliasList":["S_1","硫黄"]},{"id":5,"mainName":"Cl2","aliasList":["Cl_2","塩素"]},{"id":6,"mainName":"CuS","aliasList":["Cu_1_S_1","硫化銅"]},{"id":7,"mainName":"CuCl2","aliasList":["Cu_1_Cl_2","塩化銅"]},{"id":8,"mainName":"Fe","aliasList":["Fe_1","鉄"]},{"id":9,"mainName":"O2","aliasList":["O_2","酸素"]},{"id":10,"mainName":"SO2","aliasList":["二酸化硫黄"]},{"id":11,"mainName":"C2H5OH","aliasList":["エタノール"]},{"id":12,"mainName":"H2O","aliasList":["水"]},{"id":13,"mainName":"CH3OH","aliasList":["メタノール"]},{"id":14,"mainName":"H2","aliasList":["水素"]},{"id":15,"mainName":"Mg","aliasList":["マグネシウム"]},{"id":16,"mainName":"MgO","aliasList":["酸化マグネシウム"]},{"id":17,"mainName":"HCl","aliasList":["塩化水素"]},{"id":18,"mainName":"N2","aliasList":["窒素"]},{"id":19,"mainName":"NH3","aliasList":["アンモニア"]},{"id":20,"mainName":"CH4","aliasList":["メタン"]},{"id":21,"mainName":"C2H6","aliasList":["エタン"]},{"id":22,"mainName":"C3H8","aliasList":["プロパン"]},{"id":23,"mainName":"C4H10","aliasList":["ブタン"]},{"id":24,"mainName":"CuO","aliasList":["酸化銅"]},{"id":25,"mainName":"H2O2","aliasList":["過酸化水素水"]},{"id":26,"mainName":"NaHCO3","aliasList":["炭酸水素ナトリウム"]},{"id":27,"mainName":"Na2CO3","aliasList":["炭酸ナトリウム"]},{"id":28,"mainName":"NaCl","aliasList":["塩化ナトリウム"]},{"id":29,"mainName":"Na","aliasList":["ナトリウム"]},{"id":30,"mainName":"Ag2O","aliasList":["酸化銀"]},{"id":31,"mainName":"Fe2O3","aliasList":["酸化鉄"]},{"id":32,"mainName":"Al","aliasList":["アルミニウム"]},{"id":33,"mainName":"Al2O3","aliasList":["酸化アルミニウム"]},{"id":34,"mainName":"NH4Cl","aliasList":["塩化アンモニウム"]},{"id":35,"mainName":"Ca(OH)2","aliasList":["水酸化カルシウム"]},{"id":36,"mainName":"CaCl2","aliasList":["塩化カルシウム"]},{"id":37,"mainName":"FeS","aliasList":["硫化鉄"]},{"id":38,"mainName":"FeCl2","aliasList":["塩化鉄"]},{"id":39,"mainName":"H2S","aliasList":["硫化水素"]},{"id":40,"mainName":"MgCl2","aliasList":["塩化マグネシウム"]},{"id":41,"mainName":"CaCO3","aliasList":["炭酸カルシウム"]},{"id":42,"mainName":"NaOH","aliasList":["水酸化ナトリウム"]},{"id":43,"mainName":"H2SO4","aliasList":["硫酸"]},{"id":44,"mainName":"Ba(OH)2","aliasList":["水酸化バリウム"]},{"id":45,"mainName":"BaSO4","aliasList":["硫酸バリウム"]},{"id":46,"mainName":"Na2SO4","aliasList":["硫酸ナトリウム"]},{"id":47,"mainName":"BaCl2","aliasList":["塩化バリウム"]},{"id":48,"mainName":"CaSO4","aliasList":["硫酸カルシウム"]},{"id":49,"mainName":"NH4OH","aliasList":["アンモニア水"]},{"id":50,"mainName":"(NH4)2SO4","aliasList":["硫酸アンモニウム"]},{"id":51,"mainName":"HNO3","aliasList":["硝酸"]},{"id":52,"mainName":"NaNO3","aliasList":["硝酸ナトリウム"]},{"id":53,"mainName":"CH3COOH","aliasList":["酢酸"]},{"id":54,"mainName":"CH3COONa","aliasList":["酢酸ナトリウム"]},{"id":55,"mainName":"H2CO3","aliasList":["炭酸水"]},{"id":56,"mainName":"C","aliasList":["炭素"]}]