[{"id":1,"HannouKeisuList":[1,1],"HannouButuList":["Cu","S"],"SeiseiKeisuList":[1],"SeiseiButuList":["Cu_S"],"HannouType":"-"},{"id":2,"HannouKeisuList":[1,1],"HannouButuList":["Cu","Cl2"],"SeiseiKeisuList":[1],"SeiseiButuList":["CuCl2"],"HannouType":"-"},{"id":3,"HannouKeisuList":[1,1],"HannouButuList":["Fe","S"],"SeiseiKeisuList":[1],"SeiseiButuList":["FeS"],"HannouType":"-"},{"id":4,"HannouKeisuList":[1,1],"HannouButuList":["S","O2"],"SeiseiKeisuList":[1],"SeiseiButuList":["SO2"],"HannouType":"-"},{"id":5,"HannouKeisuList":[1,3],"HannouButuList":["C2H5OH","O2"],"SeiseiKeisuList":[2,3],"SeiseiButuList":["CO2","H2O"],"HannouType":"-"},{"id":6,"HannouKeisuList":[2,3],"HannouButuList":["CH3OH","O2"],"SeiseiKeisuList":[2,4],"SeiseiButuList":["CO2","H2O"],"HannouType":"-"},{"id":7,"HannouKeisuList":[2,1],"HannouButuList":["H2","O2"],"SeiseiKeisuList":[2],"SeiseiButuList":["H2O"],"HannouType":"-"},{"id":8,"HannouKeisuList":[1,1],"HannouButuList":["C","O2"],"SeiseiKeisuList":[1],"SeiseiButuList":["CO2"],"HannouType":"-"},{"id":9,"HannouKeisuList":[2,1],"HannouButuList":["Cu","O2"],"SeiseiKeisuList":[2],"SeiseiButuList":["CuO"],"HannouType":"-"},{"id":10,"HannouKeisuList":[2,1],"HannouButuList":["Mg","O2"],"SeiseiKeisuList":[2],"SeiseiButuList":["MgO"],"HannouType":"-"},{"id":11,"HannouKeisuList":[1,1],"HannouButuList":["H2","Cl2"],"SeiseiKeisuList":[2],"SeiseiButuList":["HCl"],"HannouType":"-"},{"id":12,"HannouKeisuList":[1,3],"HannouButuList":["N2","H2"],"SeiseiKeisuList":[2],"SeiseiButuList":["NH3"],"HannouType":"-"},{"id":13,"HannouKeisuList":[1,2],"HannouButuList":["CH4","O2"],"SeiseiKeisuList":[1,2],"SeiseiButuList":["CO2","H2O"],"HannouType":"-"},{"id":14,"HannouKeisuList":[2,7],"HannouButuList":["C2H6","O2"],"SeiseiKeisuList":[4,6],"SeiseiButuList":["CO2","H2O"],"HannouType":"-"},{"id":15,"HannouKeisuList":[1,5],"HannouButuList":["C3H8","O2"],"SeiseiKeisuList":[3,4],"SeiseiButuList":["CO2","H2O"],"HannouType":"-"},{"id":16,"HannouKeisuList":[2,13],"HannouButuList":["C4H10","O2"],"SeiseiKeisuList":[8,10],"SeiseiButuList":["CO2","H2O"],"HannouType":"-"},{"id":17,"HannouKeisuList":[2],"HannouButuList":["H2O2"],"SeiseiKeisuList":[2,1],"SeiseiButuList":["H2O","O2"],"HannouType":"-"},{"id":18,"HannouKeisuList":[2],"HannouButuList":["H2O"],"SeiseiKeisuList":[2,1],"SeiseiButuList":["H2","O2"],"HannouType":"-"},{"id":19,"HannouKeisuList":[2],"HannouButuList":["NaHCO3"],"SeiseiKeisuList":[1,1,1],"SeiseiButuList":["Na2CO3","CO2","H2O"],"HannouType":"-"},{"id":20,"HannouKeisuList":[1],"HannouButuList":["CuCl2"],"SeiseiKeisuList":[1,1],"SeiseiButuList":["Cu","Cl2"],"HannouType":"-"},{"id":21,"HannouKeisuList":[2],"HannouButuList":["HCl"],"SeiseiKeisuList":[1,1],"SeiseiButuList":["H2","Cl2"],"HannouType":"-"},{"id":22,"HannouKeisuList":[2],"HannouButuList":["NaCl"],"SeiseiKeisuList":[2,1],"SeiseiButuList":["Na","Cl2"],"HannouType":"-"},{"id":23,"HannouKeisuList":[2],"HannouButuList":["Ag2O"],"SeiseiKeisuList":[4,1],"SeiseiButuList":["Ag","O2"],"HannouType":"-"},{"id":24,"HannouKeisuList":[2,1],"HannouButuList":["CuO","C"],"SeiseiKeisuList":[2,1],"SeiseiButuList":["Cu","CO2"],"HannouType":"-"},{"id":25,"HannouKeisuList":[1,1],"HannouButuList":["CuO","H2"],"SeiseiKeisuList":[1,1],"SeiseiButuList":["Cu","H2O"],"HannouType":"-"},{"id":26,"HannouKeisuList":[1,2],"HannouButuList":["CO2","Mg"],"SeiseiKeisuList":[1,2],"SeiseiButuList":["C","MgO"],"HannouType":"-"},{"id":27,"HannouKeisuList":[1,2],"HannouButuList":["Fe2O3","Al"],"SeiseiKeisuList":[1,2],"SeiseiButuList":["Al2O3","Fe"],"HannouType":"-"},{"id":28,"HannouKeisuList":[2,1],"HannouButuList":["NH4Cl","Ca(OH)2"],"SeiseiKeisuList":[2,1,2],"SeiseiButuList":["NH3","CaCl2","H2O"],"HannouType":"-"},{"id":29,"HannouKeisuList":[1,2],"HannouButuList":["FeS","HCl"],"SeiseiKeisuList":[1,1],"SeiseiButuList":["FeCl2","H2S"],"HannouType":"-"},{"id":30,"HannouKeisuList":[1,2],"HannouButuList":["Fe","HCl"],"SeiseiKeisuList":[1,1],"SeiseiButuList":["FeCl2","H2"],"HannouType":"-"},{"id":31,"HannouKeisuList":[2,1],"HannouButuList":["HCl","Mg"],"SeiseiKeisuList":[1,1],"SeiseiButuList":["MgCl2","H2"],"HannouType":"-"},{"id":32,"HannouKeisuList":[2,1],"HannouButuList":["HCl","CaCO3"],"SeiseiKeisuList":[1,1],"SeiseiButuList":["CaCl2","CO2"],"HannouType":"-"},{"id":33,"HannouKeisuList":[1,1],"HannouButuList":["HCl","NaHCO3"],"SeiseiKeisuList":[1,1,1],"SeiseiButuList":["NaCl","CO2","H2O"],"HannouType":"-"},{"id":34,"HannouKeisuList":[1,1],"HannouButuList":["Na2CO3","CaCl2"],"SeiseiKeisuList":[1,2],"SeiseiButuList":["CaCO3","NaCl"],"HannouType":"-"},{"id":35,"HannouKeisuList":[2,1],"HannouButuList":["NaCl","CaCO3"],"SeiseiKeisuList":[1,1],"SeiseiButuList":["Na2CO3","CaCl2"],"HannouType":"-"},{"id":36,"HannouKeisuList":[1,1],"HannouButuList":["HCl","NaOH"],"SeiseiKeisuList":[1,1],"SeiseiButuList":["NaCl","H2O"],"HannouType":"-"},{"id":37,"HannouKeisuList":[1,1],"HannouButuList":["H2SO4","Ba(OH)2"],"SeiseiKeisuList":[1,2],"SeiseiButuList":["BaSO4","H2O"],"HannouType":"-"},{"id":38,"HannouKeisuList":[1,2],"HannouButuList":["H2SO4","NaOH"],"SeiseiKeisuList":[1,2],"SeiseiButuList":["Na2SO4","H2O"],"HannouType":"-"},{"id":39,"HannouKeisuList":[2,1],"HannouButuList":["HCl","Ba(OH)2"],"SeiseiKeisuList":[1,2],"SeiseiButuList":["BaCl2","H2O"],"HannouType":"-"},{"id":40,"HannouKeisuList":[2,1],"HannouButuList":["HCl","Ca(OH)2"],"SeiseiKeisuList":[1,2],"SeiseiButuList":["CaCl2","H2O"],"HannouType":"-"},{"id":41,"HannouKeisuList":[1,1],"HannouButuList":["H2SO4","Ca(OH)2"],"SeiseiKeisuList":[1,2],"SeiseiButuList":["CaSO4","H2O"],"HannouType":"-"},{"id":42,"HannouKeisuList":[1,1],"HannouButuList":["HCl","NH4OH"],"SeiseiKeisuList":[1,1],"SeiseiButuList":["NH4Cl","H2O"],"HannouType":"-"},{"id":43,"HannouKeisuList":[1,2],"HannouButuList":["H2SO4","NH4OH"],"SeiseiKeisuList":[1,2],"SeiseiButuList":["(NH4)2SO4","H2O"],"HannouType":"-"},{"id":44,"HannouKeisuList":[1,1],"HannouButuList":["HNO3","NaOH"],"SeiseiKeisuList":[1,1],"SeiseiButuList":["NaNO3","H2O"],"HannouType":"-"},{"id":45,"HannouKeisuList":[1,1],"HannouButuList":["CH3COOH","NaOH"],"SeiseiKeisuList":[1,1],"SeiseiButuList":["CH3COONa","H2O"],"HannouType":"-"},{"id":46,"HannouKeisuList":[1,2],"HannouButuList":["H2CO3","NaOH"],"SeiseiKeisuList":[1,2],"SeiseiButuList":["Na2CO3","H2O"],"HannouType":"-"}]