{"zairyoMeiList":[{"zairyoMei":"レンコン","category":"野菜","subcategory":""},{"zairyoMei":"鶏むね肉","category":"肉","subcategory":""},{"zairyoMei":"米","category":"穀類","subcategory":""},{"zairyoMei":"サンマ","category":"魚","subcategory":""},{"zairyoMei":"マグロ","category":"魚","subcategory":""},{"zairyoMei":"サバ","category":"魚","subcategory":""},{"zairyoMei":"イカ","category":"魚","subcategory":""},{"zairyoMei":"ひじき","category":"海藻","subcategory":""},{"zairyoMei":"枝豆","category":"野菜","subcategory":""},{"zairyoMei":"山芋","category":"野菜","subcategory":""},{"zairyoMei":"とうもろこし","category":"野菜","subcategory":""},{"zairyoMei":"きゅうり","category":"野菜","subcategory":""},{"zairyoMei":"ピーマン","category":"野菜","subcategory":""},{"zairyoMei":"にんじん","category":"野菜","subcategory":""},{"zairyoMei":"ツナ缶","category":"魚","subcategory":"缶詰"},{"zairyoMei":"エビ","category":"魚","subcategory":""},{"zairyoMei":"じゃこ","category":"魚","subcategory":""},{"zairyoMei":"ネギ","category":"野菜","subcategory":""},{"zairyoMei":"大根","category":"野菜","subcategory":""},{"zairyoMei":"白菜","category":"野菜","subcategory":""},{"zairyoMei":"水菜","category":"野菜","subcategory":""},{"zairyoMei":"牛ひき肉","category":"肉","subcategory":""},{"zairyoMei":"豚ひき肉","category":"肉","subcategory":""},{"zairyoMei":"手羽先","category":"肉","subcategory":""},{"zairyoMei":"牛豚合いびき肉","category":"肉","subcategory":""},{"zairyoMei":"ブロッコリー","category":"野菜","subcategory":""},{"zairyoMei":"ししとう","category":"野菜","subcategory":""},{"zairyoMei":"おから","category":"野菜","subcategory":""},{"zairyoMei":"牛乳","category":"乳製品","subcategory":""},{"zairyoMei":"バター","category":"乳製品","subcategory":"調味料"},{"zairyoMei":"カレー粉","category":"調味料","subcategory":""},{"zairyoMei":"にんにく","category":"調味料","subcategory":"野菜"},{"zairyoMei":"ケチャップ","category":"調味料","subcategory":""},{"zairyoMei":"コンソメ","category":"調味料","subcategory":""},{"zairyoMei":"オイスターソース","category":"調味料","subcategory":""},{"zairyoMei":"しょうゆ","category":"調味料","subcategory":""},{"zairyoMei":"みりん","category":"調味料","subcategory":""},{"zairyoMei":"唐辛子","category":"調味料","subcategory":"野菜"},{"zairyoMei":"マヨネーズ","category":"調味料","subcategory":""},{"zairyoMei":"ポン酢","category":"調味料","subcategory":""},{"zairyoMei":"砂糖","category":"調味料","subcategory":""},{"zairyoMei":"小麦粉","category":"調味料","subcategory":""},{"zairyoMei":"卵","category":"肉","subcategory":"卵類"},{"zairyoMei":"きくらげ","category":"乾物","subcategory":""}],"ryoriList":[{"ryoriMei":"レンコンのきんぴら","zairyoList":["レンコン","しょうゆ","砂糖"],"recipeURL":"https://cookpad.com/recipe/5811991","syoyouJikan":10,"bikou":"aaa"},{"ryoriMei":"レンコンのひじきサラダ","zairyoList":["レンコン","ひじき","ブロッコリー","マヨネーズ","ポン酢"],"recipeURL":"https://cookpad.com/recipe/5328370","syoyouJikan":20,"bikou":"bbb"},{"ryoriMei":"レンコンのはさみ焼き","zairyoList":["レンコン","牛豚合いびき肉","卵","しょうゆ","砂糖","おから"],"recipeURL":"https://cookpad.com/recipe/5808152","syoyouJikan":10,"bikou":""},{"ryoriMei":"とうもろこしのかき揚げ","zairyoList":["とうもろこし","枝豆","山芋","エビ","小麦粉","きくらげ"],"recipeURL":"https://cookpad.com/recipe/5794038","syoyouJikan":15,"bikou":""}]}